[{"model": "task_manager.task", "pk": 1, "fields": {"name": "Create product", "description": "Very imoprtant prod", "deadline": "2024-06-14T16:01:52.679Z", "is_completed": false, "priority": "high", "task_type": 2, "assignees": [2]}}, {"model": "task_manager.task", "pk": 2, "fields": {"name": "Implement User Authentication", "description": "Develop user authentication using Django's built-in authentication system", "deadline": "2024-06-28T15:51:58.043Z", "is_completed": true, "priority": "high", "task_type": 2, "assignees": [8, 5, 6, 7]}}, {"model": "task_manager.task", "pk": 3, "fields": {"name": "Fix Critical Bug in Payment Module", "description": "Address a critical bug causing payment failures for some users", "deadline": "2024-06-28T15:53:54.390Z", "is_completed": false, "priority": "urgent", "task_type": 1, "assignees": [8, 6, 7]}}, {"model": "task_manager.task", "pk": 4, "fields": {"name": "Design New Dashboard UI", "description": "Create wireframes and design mockups for a new dashboard UI.", "deadline": "2024-06-28T15:55:23.454Z", "is_completed": false, "priority": "medium", "task_type": 3, "assignees": [9, 10]}}, {"model": "task_manager.task", "pk": 5, "fields": {"name": "Research New Database Solutions", "description": "Evaluate and compare different database solutions for scalability and performance.", "deadline": "2024-06-28T15:55:51.952Z", "is_completed": false, "priority": "medium", "task_type": 4, "assignees": [11, 13]}}, {"model": "task_manager.task", "pk": 6, "fields": {"name": "Write Automated Tests for User Registration", "description": "Develop automated tests to verify the functionality of user registration", "deadline": "2024-06-28T15:56:47.005Z", "is_completed": false, "priority": "low", "task_type": 6, "assignees": [2, 12, 5]}}, {"model": "task_manager.task", "pk": 7, "fields": {"name": "Update Privacy Policy Documentation", "description": "Review and update the privacy policy documentation to comply with new regulations.", "deadline": "2024-06-28T15:57:16.694Z", "is_completed": false, "priority": "low", "task_type": 9, "assignees": [10]}}, {"model": "task_manager.task", "pk": 8, "fields": {"name": "Fix Performance Bottleneck in API", "description": "Identify and resolve performance bottlenecks affecting API response times", "deadline": "2024-06-28T15:58:00.837Z", "is_completed": false, "priority": "urgent", "task_type": 1, "assignees": [10, 2, 13, 6]}}, {"model": "task_manager.task", "pk": 9, "fields": {"name": "Implement Multi-Language Support", "description": "Integrate multi-language support to allow users to switch between languages.", "deadline": "2024-06-28T15:59:07.585Z", "is_completed": false, "priority": "medium", "task_type": 10, "assignees": [8, 11, 4, 12]}}, {"model": "task_manager.task", "pk": 10, "fields": {"name": "Implement OAuth2 Authentication", "description": "Integrate OAuth2 authentication for secure third-party login support", "deadline": "2024-06-28T15:59:50.375Z", "is_completed": false, "priority": "medium", "task_type": 10, "assignees": [2, 7, 8, 12, 13]}}, {"model": "task_manager.task", "pk": 11, "fields": {"name": "Conduct Security Audit", "description": "Perform a comprehensive security audit to identify and address vulnerabilities", "deadline": "2024-06-28T16:00:32.890Z", "is_completed": false, "priority": "high", "task_type": 4, "assignees": [2, 3, 5, 8, 9, 13]}}, {"model": "task_manager.task", "pk": 12, "fields": {"name": "Review Employee Performance", "description": "Conduct performance reviews for team members", "deadline": "2024-06-29T06:08:10.625Z", "is_completed": false, "priority": "medium", "task_type": 3, "assignees": [2, 4, 5]}}, {"model": "task_manager.task", "pk": 13, "fields": {"name": "Organize Team Building Event", "description": "Plan and coordinate a team-building activity to enhance team cohesion", "deadline": "2024-06-29T06:11:17.929Z", "is_completed": false, "priority": "medium", "task_type": 3, "assignees": [9, 10, 4]}}, {"model": "task_manager.tasktype", "pk": 1, "fields": {"name": "Fix bug"}}, {"model": "task_manager.tasktype", "pk": 2, "fields": {"name": "solve problem"}}, {"model": "task_manager.tasktype", "pk": 3, "fields": {"name": "Enhancement"}}, {"model": "task_manager.tasktype", "pk": 4, "fields": {"name": "Research"}}, {"model": "task_manager.tasktype", "pk": 5, "fields": {"name": "Technical Debt"}}, {"model": "task_manager.tasktype", "pk": 6, "fields": {"name": "Security Issue"}}, {"model": "task_manager.tasktype", "pk": 7, "fields": {"name": "Performance Improvement"}}, {"model": "task_manager.tasktype", "pk": 8, "fields": {"name": "Code Review"}}, {"model": "task_manager.tasktype", "pk": 9, "fields": {"name": "Documentation"}}, {"model": "task_manager.tasktype", "pk": 10, "fields": {"name": "Feature"}}, {"model": "task_manager.worker", "pk": 2, "fields": {"password": "pbkdf2_sha256$720000$HDh9G5V4Dn9gTNG4geb2fR$fc96HNfh9WkRhIagrzzmhTsLbY3gAejrQH6/Hq/Onr8=", "last_login": "2024-06-29T05:51:04.246Z", "is_superuser": true, "username": "admin", "first_name": "", "last_name": "", "email": "", "is_staff": true, "is_active": true, "date_joined": "2024-05-20T08:21:20.830Z", "position": 1, "groups": [], "user_permissions": []}}, {"model": "task_manager.worker", "pk": 3, "fields": {"password": "pbkdf2_sha256$720000$nW9pbe1tgk5Yd6XvBQAbJH$2gaBww9akfaNLBqyxjMGOuDLyqVMjNaNKyu1lj/Jzq8=", "last_login": "2024-06-28T12:58:20.442Z", "is_superuser": false, "username": "test", "first_name": "", "last_name": "", "email": "", "is_staff": false, "is_active": true, "date_joined": "2024-06-14T16:02:53.265Z", "position": 1, "groups": [], "user_permissions": []}}, {"model": "task_manager.worker", "pk": 4, "fields": {"password": "pbkdf2_sha256$720000$39M48UeVyMHfA64CYXEZxU$iC/SZSfJSjyNz2DKndx5R7Y85IK0vHJw/75+ubriZ4g=", "last_login": "2024-06-14T16:17:57.228Z", "is_superuser": false, "username": "test1", "first_name": "Test", "last_name": "Testing", "email": "test1@gmail.com", "is_staff": false, "is_active": true, "date_joined": "2024-06-14T16:17:50Z", "position": 5, "groups": [], "user_permissions": []}}, {"model": "task_manager.worker", "pk": 5, "fields": {"password": "pbkdf2_sha256$720000$siXm8oUeHSuLietcFLHjln$P1O80M9Q+8ix2YqwwmZ7VjD7bsQkXOOsiohCtp0XfEQ=", "last_login": "2024-06-28T12:46:02.741Z", "is_superuser": false, "username": "me", "first_name": "me", "last_name": "me", "email": "me@gmail.com", "is_staff": false, "is_active": true, "date_joined": "2024-06-28T12:45:54.133Z", "position": 1, "groups": [], "user_permissions": []}}, {"model": "task_manager.worker", "pk": 6, "fields": {"password": "pbkdf2_sha256$720000$FjyVReCC1hKcsgRO6lqOGs$BucHudpJ6NPb+z729UcE120biZkJUJRvNDtDflZn/jU=", "last_login": null, "is_superuser": false, "username": "ron_nickson", "first_name": "", "last_name": "", "email": "", "is_staff": false, "is_active": true, "date_joined": "2024-06-28T15:38:36.921Z", "position": 2, "groups": [], "user_permissions": []}}, {"model": "task_manager.worker", "pk": 7, "fields": {"password": "pbkdf2_sha256$720000$lMlplLgvojEXT7kjquVIZN$LoqZ6xrrHrLlkO3S17wc0ugOB611Wzh4wO9qnrAAaOU=", "last_login": null, "is_superuser": false, "username": "john_doe", "first_name": "John", "last_name": "Doe", "email": "john.doe@example.com", "is_staff": false, "is_active": true, "date_joined": "2024-06-28T15:43:12.540Z", "position": 1, "groups": [], "user_permissions": []}}, {"model": "task_manager.worker", "pk": 8, "fields": {"password": "pbkdf2_sha256$720000$9lG50s1cQItoO0IuoR3PQr$Au3Dw0bMro+tyhZhdYrwI+JloRCB1wzgN7AbGV7Xkg4=", "last_login": null, "is_superuser": false, "username": "sarah_smith", "first_name": "Sarah", "last_name": "Smith", "email": "sarah.smith@example.com", "is_staff": false, "is_active": true, "date_joined": "2024-06-28T15:43:41Z", "position": 7, "groups": [], "user_permissions": []}}, {"model": "task_manager.worker", "pk": 9, "fields": {"password": "pbkdf2_sha256$720000$JYAyXiljI5CxJvJjV3Vy1y$GE265ygAH8QKegtY9k8i17pFOy1CrnssW7xhwpRxvBI=", "last_login": null, "is_superuser": false, "username": "mike_jackson", "first_name": "Mike", "last_name": "Jackson", "email": "mike.jackson@example.com", "is_staff": false, "is_active": true, "date_joined": "2024-06-28T15:44:07Z", "position": 10, "groups": [], "user_permissions": []}}, {"model": "task_manager.worker", "pk": 10, "fields": {"password": "pbkdf2_sha256$720000$GUa3mXN72ratgxYs0QrYxE$pyl6FUyBJ9v1yy4l91RQ20UeB48kASvXkmT9N4g3tuk=", "last_login": null, "is_superuser": false, "username": "emily_wong", "first_name": "Emily", "last_name": "Wong", "email": "emily.wong@example.com", "is_staff": false, "is_active": true, "date_joined": "2024-06-28T15:44:33Z", "position": 9, "groups": [], "user_permissions": []}}, {"model": "task_manager.worker", "pk": 11, "fields": {"password": "pbkdf2_sha256$720000$YtOMNDHxIEQhwujqbxANGa$JmJ/oCve7UGBv22fIofWj1bazLNv8zTLkUtpiDZo79M=", "last_login": null, "is_superuser": false, "username": "taras_shevchenko", "first_name": "Taras", "last_name": "Shevchenko", "email": "taras_shevchenko@gmail.com", "is_staff": false, "is_active": true, "date_joined": "2024-06-28T15:45:15.523Z", "position": 1, "groups": [], "user_permissions": []}}, {"model": "task_manager.worker", "pk": 12, "fields": {"password": "pbkdf2_sha256$720000$wEflfqWCiRSkOtlaSCeNo5$MxuiRbMz+zSqBUk4VElAeqiTRnYjDaWrAmxJ9sptBg0=", "last_login": null, "is_superuser": false, "username": "olya_timok", "first_name": "Olya", "last_name": "Timok", "email": "olya_timok@gmail.com", "is_staff": false, "is_active": true, "date_joined": "2024-06-28T15:46:15Z", "position": 6, "groups": [], "user_permissions": []}}, {"model": "task_manager.worker", "pk": 13, "fields": {"password": "pbkdf2_sha256$720000$wD0TiIbk4i9SYuac5t8DWs$y0nGvpirxAc2bHi3OjmrUhA00mWSwGZSnCcy1f5acyk=", "last_login": null, "is_superuser": false, "username": "vika_tymchun", "first_name": "Vika", "last_name": "Tymchun", "email": "vika_tymchun@gmail.com", "is_staff": false, "is_active": true, "date_joined": "2024-06-28T15:47:13.851Z", "position": 1, "groups": [], "user_permissions": []}}, {"model": "task_manager.position", "pk": 1, "fields": {"name": "Developer"}}, {"model": "task_manager.position", "pk": 2, "fields": {"name": "HR"}}, {"model": "task_manager.position", "pk": 3, "fields": {"name": "Manager"}}, {"model": "task_manager.position", "pk": 4, "fields": {"name": "Designer"}}, {"model": "task_manager.position", "pk": 5, "fields": {"name": "Tester"}}, {"model": "task_manager.position", "pk": 6, "fields": {"name": "Project Manager"}}, {"model": "task_manager.position", "pk": 7, "fields": {"name": "Scrum Master"}}, {"model": "task_manager.position", "pk": 8, "fields": {"name": "Business Analyst"}}, {"model": "task_manager.position", "pk": 9, "fields": {"name": "Product Owner"}}, {"model": "task_manager.position", "pk": 10, "fields": {"name": "DevOps"}}]